{
  "$schema": "https://schemas.wp.org/trunk/theme.json",
  "version": 2,
  "title": "Aquamarine",
  "settings": {
    "color": {
      "palette": [
        {
          "name": "Primary",
          "color": "#72FEEB",
          "slug": "primary"
        },
        {
          "name": "Secondary",
          "color": "#99FFF1",
          "slug": "secondary"
        },
        {
          "name": "Tertiary",
          "color": "#103140",
          "slug": "tertiary"
        },
        {
          "name": "Heading",
          "color": "#FFFFFF",
          "slug": "heading"
        },
        {
          "name": "Body",
          "color": "#E5E7EB",
          "slug": "body"
        },
        {
          "name": "Background",
          "color": "#092635",
          "slug": "background"
        },
        {
          "name": "Transparent",
          "color": "transparent",
          "slug": "transparent"
        }
      ],
        "gradients": [
          {
              "slug": "primary",
              "gradient": "linear-gradient(284.04deg, #092635 0%, #101554 25.33%, #0D574D 52.07%, #103141 100%)",
              "name": "Primary"
          }
      ],
      "duotone": [
        {
          "colors": [
            "#C2FEF6",
            "#C2FEF6"
          ],
          "slug": "primary",
          "name": "Primary"
        },
        {
          "colors": [
            "#FFFFFF",
            "#FFFFFF"
          ],
          "slug": "secondary",
          "name": "Secondary"
        }
      ]
    }
  }
}