{
  "$schema": "https://schemas.wp.org/trunk/theme.json",
  "version": 2,
  "title": "Easter Green",
  "settings": {
    "color": {
      "palette": [
        {
          "name": "Primary",
          "color": "#B3FF70",
          "slug": "primary"
        },
        {
          "name": "Secondary",
          "color": "#C0FF8A",
          "slug": "secondary"
        },
        {
          "name": "Tertiary",
          "color": "#101B10",
          "slug": "tertiary"
        },
        {
          "name": "Heading",
          "color": "#FFFFFF",
          "slug": "heading"
        },
        {
          "name": "Body",
          "color": "#E5E7EB",
          "slug": "body"
        },
        {
          "name": "Background",
          "color": "#071404",
          "slug": "background"
        },
        {
          "name": "Transparent",
          "color": "transparent",
          "slug": "transparent"
        }
      ],
      "gradients": [
        {
            "slug": "primary",
            "gradient": "linear-gradient(284.04deg, #071404 0%, #0E213E 25.33%, #284A1C 52.07%, #101B0E 100%)",
            "name": "Primary"
        }
      ],
      "duotone": [
        {
          "colors": [
            "#B3FF70",
            "#B3FF70"
          ],
          "slug": "primary",
          "name": "Primary"
        },
        {
          "colors": [
            "#FFFFFF",
            "#FFFFFF"
          ],
          "slug": "secondary",
          "name": "Secondary"
        }
      ]
    }
  }
}