{
  "$schema": "https://schemas.wp.org/trunk/theme.json",
  "version": 2,
  "title": "Sweet Corn",
  "settings": {
    "color": {
      "palette": [
        {
          "name": "Primary",
          "color": "#FEEE84",
          "slug": "primary"
        },
        {
          "name": "Secondary",
          "color": "#FFF199",
          "slug": "secondary"
        },
        {
          "name": "Tertiary",
          "color": "#10141D",
          "slug": "tertiary"
        },
        {
          "name": "Heading",
          "color": "#FFFFFF",
          "slug": "heading"
        },
        {
          "name": "Body",
          "color": "#E5E7EB",
          "slug": "body"
        },
        {
          "name": "Background",
          "color": "#020714",
          "slug": "background"
        },
        {
          "name": "Transparent",
          "color": "transparent",
          "slug": "transparent"
        }
      ],
      "gradients": [
        {
            "slug": "primary",
            "gradient": "linear-gradient(284.04deg, #020714 0%, #06301E 25.33%, #4D4D29 52.07%, #10141F 100%)",
            "name": "Primary"
        }
      ],
      "duotone": [
        {
          "colors": [
            "#FEEE84",
            "#FEEE84"
          ],
          "slug": "primary",
          "name": "Primary"
        },
        {
          "colors": [
            "#FFFFFF",
            "#FFFFFF"
          ],
          "slug": "secondary",
          "name": "Secondary"
        }
      ]
    }
  }
}